,metabolite,formula
0,EX_10fthf_e,C20H21N7O7
1,EX_12dgr120_e,C27H52O5
2,EX_12dgr140_e,C31H60O5
3,EX_12dgr141_e,C31H56O5
4,EX_12dgr160_e,C35H68O5
5,EX_12dgr161_e,C35H64O5
6,EX_12dgr180_e,C39H76O5
7,EX_12dgr181_e,C39H72O5
8,EX_12ppd__R_e,C3H8O2
9,EX_13dampp_e,C3H12N2
10,EX_13dpg_e,C3H4O10P2
11,EX_14dh2napcoa_e,C32H38N7O19P3S
12,EX_14dhncoa_e,C32H38N7O19P3S
13,EX_15dap_e,C5H16N2
14,EX_1ag160_e,C19H38O4
15,EX_1ag180_e,C21H42O4
16,EX_1ag181d9_e,C21H40O4
17,EX_1ag182d9d12_e,C21H38O4
18,EX_1ddecg3p_e,C15H29O7P
19,EX_1hdec9eg3p_e,C19H35O7P
20,EX_1p2cbxl_e,C5H6NO2
21,EX_1p3h5c_e,C5H6NO3
22,EX_1tdec7eg3p_e,C17H31O7P
23,EX_23camp_e,C10H11N5O6P
24,EX_23ccmp_e,C9H11N3O7P
25,EX_23cgmp_e,C10H11N5O7P
26,EX_23ddhb_e,C7H7O4
27,EX_23dhb_e,C7H5O4
28,EX_23dhdp_e,C7H5NO4
29,EX_25aics_e,C13H15N4O12P
30,EX_25dhpp_e,C9H14N5O8P
31,EX_25dkglcn_e,C6H7O7
32,EX_25drapp_e,C9H14N5O8P
33,EX_26dap_LL_e,C7H14N2O4
34,EX_26dap__M_e,C7H14N2O4
35,EX_26dapime_e,C9H15N2O5
36,EX_2agpe120_e,C17H36NO7P
37,EX_2agpe141_e,C19H38NO7P
38,EX_2agpe160_e,C21H44NO7P
39,EX_2agpe161_e,C21H42NO7P
40,EX_2agpe180_e,C23H48NO7P
41,EX_2agpe181_e,C23H46NO7P
42,EX_2ahhmd_e,C7H8N5O8P2
43,EX_2ahhmp_e,C7H9N5O2
44,EX_2amsa_e,C3H5NO3
45,EX_2aobut_e,C4H7NO3
46,EX_2cpr5p_e,C12H13NO9P
47,EX_2dda7p_e,C7H10O10P
48,EX_2ddecg3p_e,C15H30O7P
49,EX_2dhglcn_e,C6H9O7
50,EX_2dhp_e,C6H9O4
51,EX_2dhphaccoa_e,C29H40N7O19P3S
52,EX_2dmmq8_e,C50H70O2
53,EX_2dmmql8_e,C50H72O2
54,EX_2dr1p_e,C5H9O7P
55,EX_2dr5p_e,C5H9O7P
56,EX_2h3oppan_e,C3H3O4
57,EX_2hyoxplac_e,C8H7O3
58,EX_2ins_e,C6H10O6
59,EX_2ippm_e,C7H8O4
60,EX_2kmb_e,C5H7O3S
61,EX_2maacoa_e,C26H38N7O18P3S
62,EX_2mb2coa_e,C26H38N7O17P3S
63,EX_2mbcoa_e,C26H40N7O17P3S
64,EX_2mcacn_e,C7H5O6
65,EX_2mcit_e,C7H7O7
66,EX_2me4p_e,C5H11O7P
67,EX_2mecdp_e,C5H10O9P2
68,EX_2mp2coa_e,C25H36N7O17P3S
69,EX_2obut_e,C4H5O3
70,EX_2oxoadp_e,C6H6O5
71,EX_2p4c2me_e,C14H22N3O17P3
72,EX_2pg_e,C3H4O7P
73,EX_2shchc_e,C11H10O6
74,EX_34hpp_e,C9H7O4
75,EX_3amp_e,C10H12N5O7P
76,EX_3c2hmp_e,C7H10O5
77,EX_3c3hmp_e,C7H10O5
78,EX_3c4mop_e,C7H8O5
79,EX_3cmp_e,C9H12N3O8P
80,EX_3dhq_e,C7H9O6
81,EX_3dhsk_e,C7H7O5
82,EX_3gmp_e,C10H12N5O8P
83,EX_3hadpcoa_e,C27H39N7O20P3S
84,EX_3hbcoa__R_e,C25H38N7O18P3S
85,EX_3hbcoa_e,C25H38N7O18P3S
86,EX_3hbycoa_e,C25H38N7O18P3S
87,EX_3hdcoa_e,C31H50N7O18P3S
88,EX_3hddcoa_e,C33H54N7O18P3S
89,EX_3hhcoa_e,C27H42N7O18P3S
90,EX_3hhdcoa_e,C37H62N7O18P3S
91,EX_3hibutcoa_e,C25H38N7O18P3S
92,EX_3hmbcoa_e,C26H40N7O18P3S
93,EX_3hmp_e,C4H7O3
94,EX_3hocoa_e,C29H46N7O18P3S
95,EX_3hodcoa_e,C39H66N7O18P3S
96,EX_3hptcoa_e,C26H40N7O18P3S
97,EX_3htdcoa_e,C35H58N7O18P3S
98,EX_3ig3p_e,C11H12NO6P
99,EX_3mb2coa_e,C26H38N7O17P3S
100,EX_3mb_e,C5H9O2
101,EX_3mgcoa_e,C27H37N7O19P3S
102,EX_3mob_e,C5H7O3
103,EX_3mop_e,C6H9O3
104,EX_3o6athcoa_e,C23H32N7O16P3S
105,EX_3odcoa_e,C31H48N7O18P3S
106,EX_3odd5coa_e,C35H54N7O18P3S
107,EX_3odd6coa_e,C33H48N7O18P3S
108,EX_3oddccoa_e,C33H51N7O18P3S
109,EX_3oddcoa_e,C33H52N7O18P3S
110,EX_3ohcoa_e,C27H40N7O18P3S
111,EX_3ohd58coa_e,C35H50N7O18P3S
112,EX_3ohdcoa_e,C37H60N7O18P3S
113,EX_3ohodcoa_e,C39H64N7O18P3S
114,EX_3ohpcoa_e,C28H42N7O18P3S
115,EX_3ononacoa_e,C30H44N7O18P3S
116,EX_3oocoa_e,C29H44N7O18P3S
117,EX_3opbcoa_e,C31H40N7O18P3S
118,EX_3opdecacoa_e,C37H46N7O18P3S
119,EX_3ophxacoa_e,C33H42N7O18P3S
120,EX_3opnonacoa_e,C36H44N7O18P3S
121,EX_3opoctacoa_e,C35H44N7O18P3S
122,EX_3opptcoa_e,C32H40N7O18P3S
123,EX_3optcoa_e,C26H38N7O18P3S
124,EX_3otdccoa_e,C35H54N7O18P3S
125,EX_3otdcoa_e,C35H56N7O18P3S
126,EX_3pg_e,C3H4O7P
127,EX_3php_e,C3H2O7P
128,EX_3psme_e,C10H9O10P
129,EX_3sala_e,C3H5NO4S
130,EX_3snpyr_e,C3H2O5S
131,EX_3ump_e,C9H11N2O9P
132,EX_4abut_e,C4H9NO2
133,EX_4abutn_e,C4H10NO
134,EX_4abz_e,C7H6NO2
135,EX_4adcho_e,C10H10NO5
136,EX_4c2me_e,C14H23N3O14P2
137,EX_4fumacac_e,C8H6O6
138,EX_4gudbutn_e,C5H11N3O2
139,EX_4h2oglt_e,C5H4O6
140,EX_4hba_e,C7H8O2
141,EX_4hbald_e,C7H6O2
142,EX_4hbz_e,C7H5O3
143,EX_4hbzcoa_e,C28H36N7O18P3S
144,EX_4hoxpacd_e,C8H8O2
145,EX_4hphac_e,C8H7O3
146,EX_4hpro_LT_e,C5H9NO3
147,EX_4izp_e,C6H7N2O3
148,EX_4mlacac_e,C8H6O6
149,EX_4mop_e,C6H9O3
150,EX_4pasp_e,C4H6NO7P
151,EX_4per_e,C4H6O8P
152,EX_4ppan_e,C9H15NO8P
153,EX_4ppcys_e,C12H20N2O9PS
154,EX_4r5au_e,C9H16N4O6
155,EX_56dura_e,C4H6N2O2
156,EX_5a2opntn_e,C5H9NO3
157,EX_5aizc_e,C9H11N3O9P
158,EX_5aop_e,C5H9NO3
159,EX_5aprbu_e,C9H15N4O9P
160,EX_5apru_e,C9H13N4O9P
161,EX_5aptn_e,C5H11NO2
162,EX_5caiz_e,C9H11N3O9P
163,EX_5dh4dglc_e,C6H6O7
164,EX_5drib_e,C5H10O4
165,EX_5forthf_e,C20H22N8O6
166,EX_5fthf_e,C20H21N7O7
167,EX_5g2oxpt_e,C6H11N3O3
168,EX_5mcsn_e,C5H7N3O
169,EX_5mdr1p_e,C6H11O7PS
170,EX_5mdru1p_e,C6H11O7PS
171,EX_5mta_e,C11H15N5O3S
172,EX_5mthf_e,C20H24N7O6
173,EX_5pg35pg_e,C20H23N10O15P2
174,EX_6a2ohxnt_e,C6H11NO3
175,EX_6hmhpt_e,C7H9N5O2
176,EX_6hmhptpp_e,C7H8N5O8P2
177,EX_6pgc_e,C6H10O10P
178,EX_6pgl_e,C6H9O9P
179,EX_ACP_e,C384H603N96O142P0S3
180,EX_L2aadp6sa_e,C6H11NO3
181,EX_L2aadp_e,C6H10NO4
182,EX_LalaDgluMdapDala_e,C18H30N5O9
183,EX_LalaDgluMdap_e,C15H25N4O8
184,EX_Largn_e,C10H13NO5
185,EX_Nforglu_e,C6H8NO5
186,EX_R_3h6athcoa_e,C23H34N7O16P3S
187,EX_R_3hcddec5ecoa_e,C33H53N7O18P3S
188,EX_R_3hcmrs7ecoa_e,C35H56N7O18P3S
189,EX_R_3hdcoa_e,C31H50N7O18P3S
190,EX_R_3hdd6coa_e,C33H50N7O18P3S
191,EX_R_3hddcoa_e,C33H54N7O18P3S
192,EX_R_3hhcoa_e,C27H42N7O18P3S
193,EX_R_3hhpcoa_e,C28H44N7O18P3S
194,EX_R_3hmrscoa_e,C35H58N7O18P3S
195,EX_R_3hnonacoa_e,C30H46N7O18P3S
196,EX_R_3hocoa_e,C29H46N7O18P3S
197,EX_R_3hpbcoa_e,C31H42N7O18P3S
198,EX_R_3hpdecacoa_e,C37H48N7O18P3S
199,EX_R_3hphxacoa_e,C33H44N7O18P3S
200,EX_R_3hpnonacoa_e,C36H46N7O18P3S
201,EX_R_3hpoctacoa_e,C35H46N7O18P3S
202,EX_R_3hpptcoa_e,C32H42N7O18P3S
203,EX_R_3htd58coa_e,C35H52N7O18P3S
204,EX_R_3htd5coa_e,C35H56N7O18P3S
205,EX_S_gtrdhdlp_e,C13H22NO4S2
206,EX_aacoa_e,C25H36N7O18P3S
207,EX_aacp_e,C373H582N94O136S2
208,EX_ac_e,C2H3O2
209,EX_acac_e,C4H5O3
210,EX_acald_e,C2H4O
211,EX_acamoxm_e,C9H11NO6
212,EX_accoa_e,C23H34N7O17P3S
213,EX_acetol_e,C3H6O2
214,EX_acg5sa_e,C7H10NO4
215,EX_acgam1p_e,C8H14NO9P
216,EX_acgam6p_e,C8H14NO9P
217,EX_acgam_e,C8H15NO6
218,EX_acglu_e,C7H9NO5
219,EX_achms_e,C6H11NO4
220,EX_acmana_e,C8H15NO6
221,EX_acmanap_e,C8H14NO9P
222,EX_acmum6p_e,C11H17NO11P
223,EX_acon_C_e,C6H3O6
224,EX_acorn_e,C7H14N2O3
225,EX_acser_e,C5H9NO4
226,EX_actn__R_e,C4H8O2
227,EX_actn__S_e,C4H8O2
228,EX_actp_e,C2H3O5P
229,EX_ade_e,C5H5N5
230,EX_adhlam_e,C10H19NO2S2
231,EX_adn_e,C10H13N5O4
232,EX_adp_e,C10H12N5O10P2
233,EX_adpglc_e,C16H23N5O15P2
234,EX_adprib_e,C15H21N5O14P2
235,EX_agm_e,C5H16N4
236,EX_ahcys_e,C14H20N6O5S
237,EX_ahdt_e,C9H12N5O13P3
238,EX_aicar_e,C9H13N4O8P
239,EX_air_e,C8H12N3O7P
240,EX_akg_e,C5H4O5
241,EX_ala_B_e,C3H7NO2
242,EX_ala__D_e,C3H7NO2
243,EX_ala__L_e,C3H7NO2
244,EX_alaala_e,C6H12N2O3
245,EX_alltn_e,C4H6N4O3
246,EX_alltt_e,C4H7N4O4
247,EX_alpro_e,C9H20N2OS2
248,EX_amacald_e,C2H6NO
249,EX_amet_e,C15H23N6O5S
250,EX_ametam_e,C14H24N6O3S
251,EX_amp_e,C10H12N5O7P
252,EX_anhgm3p_e,C34H52N6O19
253,EX_anhgm4p_e,C37H57N7O20
254,EX_anhgm_e,C19H29N2O12
255,EX_anhm3p_e,C26H39N5O14
256,EX_anhm4p_e,C29H44N6O15
257,EX_anhm_e,C11H16NO7
258,EX_anth_e,C7H6NO2
259,EX_aps_e,C10H12N5O10PS
260,EX_arbt6p_e,C12H15O10P
261,EX_arbt_e,C12H16O7
262,EX_arg__D_e,C6H15N4O2
263,EX_arg__L_e,C6H15N4O2
264,EX_asn__L_e,C4H8N2O3
265,EX_asp__L_e,C4H6NO4
266,EX_aspsa_e,C4H7NO3
267,EX_athr__L_e,C4H9NO3
268,EX_atp_e,C10H12N5O13P3
269,EX_b2coa_e,C25H36N7O17P3S
270,EX_benzcoa_e,C28H40N7O17P3S
271,EX_bhb_e,C4H7O3
272,EX_btal_e,C4H8O
273,EX_btcoa_e,C25H38N7O17P3S
274,EX_btn_e,C10H15N2O3S
275,EX_but_e,C4H7O2
276,EX_bz_e,C7H5O2
277,EX_bzal_e,C7H6O
278,EX_camp_e,C10H11N5O6P
279,EX_carn_e,C9H14N4O3
280,EX_cbasp_e,C5H6N2O5
281,EX_cbp_e,CH2NO5P
282,EX_cdigmp_e,C20H22N10O14P2
283,EX_cdp_e,C9H12N3O11P2
284,EX_cdpdddecg_e,C36H63N3O15P2
285,EX_cdpdhdec9eg_e,C44H75N3O15P2
286,EX_cdpdhdecg_e,C44H79N3O15P2
287,EX_cdpdodec11eg_e,C48H83N3O15P2
288,EX_cdpdodecg_e,C48H87N3O15P2
289,EX_cdpdtdec7eg_e,C40H67N3O15P2
290,EX_cdpdtdecg_e,C40H71N3O15P2
291,EX_cellb_e,C12H22O11
292,EX_cgly_e,C5H10N2O3S
293,EX_ch4s_e,CH4S
294,EX_chor_e,C10H8O6
295,EX_chtbs6p_e,C16H27N2O14P
296,EX_chtbs_e,C16H28N2O11
297,EX_cit_e,C6H5O7
298,EX_citr__L_e,C6H13N3O3
299,EX_clpn120_e,C57H108O17P2
300,EX_clpn140_e,C65H124O17P2
301,EX_clpn141_e,C65H116O17P2
302,EX_clpn160_e,C73H140O17P2
303,EX_clpn161_e,C73H132O17P2
304,EX_clpn180_e,C81H156O17P2
305,EX_clpn181_e,C81H148O17P2
306,EX_cm_e,C11H12Cl2N2O5
307,EX_cmp_e,C9H12N3O8P
308,EX_coa_e,C21H32N7O16P3S
309,EX_cpppg3_e,C36H40N4O8
310,EX_crn_e,C7H15NO3
311,EX_csn_e,C4H5N3O
312,EX_ctp_e,C9H12N3O14P3
313,EX_cys__L_e,C3H7NO2S
314,EX_cyst__L_e,C7H14N2O4S
315,EX_cytd_e,C9H13N3O5
316,EX_d23hb_e,C7H6O4
317,EX_dad_2_e,C10H13N5O3
318,EX_dad_5_e,C10H13N5O3
319,EX_dadp_e,C10H12N5O9P2
320,EX_dag181d9_e,C39H72O5
321,EX_dag182d9d12_e,C39H68O5
322,EX_damp_e,C10H12N5O6P
323,EX_datp_e,C10H12N5O12P3
324,EX_db4p_e,C4H8O6P
325,EX_dc2coa_e,C31H48N7O17P3S
326,EX_dcacoa_e,C31H50N7O17P3S
327,EX_dcamp_e,C14H14N5O11P
328,EX_dccoa_e,C31H50N7O17P3S
329,EX_dcdp_e,C9H12N3O10P2
330,EX_dcmp_e,C9H12N3O7P
331,EX_dctp_e,C9H12N3O13P3
332,EX_dcyt_e,C9H13N3O4
333,EX_dd2coa_e,C33H52N7O17P3S
334,EX_ddcaACP_e,C396H625N96O143P0S3
335,EX_ddca_e,C12H23O2
336,EX_ddcacoa_e,C33H54N7O17P3S
337,EX_ddcap_e,C12H24O5P
338,EX_ddcoa_e,C33H54N7O17P3S
339,EX_dgal6p_e,C6H11O9P
340,EX_dgdp_e,C10H12N5O10P2
341,EX_dgmp_e,C10H12N5O7P
342,EX_dgsn_e,C10H13N5O4
343,EX_dgtp_e,C10H12N5O13P3
344,EX_dha_e,C3H6O3
345,EX_dhap_e,C3H5O6P
346,EX_dhcrn_e,C7H13NO3
347,EX_dhcrncoa_e,C28H44N8O18P3S
348,EX_dhf_e,C19H19N7O6
349,EX_dhlam_e,C8H17NOS2
350,EX_dhlpro_e,C8H16NOS2
351,EX_dhna_e,C11H7O4
352,EX_dhnpt_e,C9H13N5O4
353,EX_dhor__S_e,C5H5N2O4
354,EX_dhpmp_e,C9H12N5O7P
355,EX_dhpt_e,C14H13N6O3
356,EX_diact_e,C4H6O2
357,EX_dimp_e,C10H11N4O7P
358,EX_din_e,C10H12N4O4
359,EX_ditp_e,C10H11N4O13P3
360,EX_dmgly_e,C4H9NO2
361,EX_dmlz_e,C13H19N4O6
362,EX_dmpp_e,C5H9O7P2
363,EX_dnad_e,C21H24N6O15P2
364,EX_doxrbcn_e,C27H30NO11
365,EX_dpcoa_e,C21H33N7O13P2S
366,EX_drib_e,C5H10O4
367,EX_dtdp_e,C10H13N2O11P2
368,EX_dtmp_e,C10H13N2O8P
369,EX_dttp_e,C10H13N2O14P3
370,EX_dudp_e,C9H11N2O11P2
371,EX_dump_e,C9H11N2O8P
372,EX_duri_e,C9H12N2O5
373,EX_dutp_e,C9H11N2O14P3
374,EX_dxyl5p_e,C5H9O7P
375,EX_e4hglu_e,C5H8NO5
376,EX_e4p_e,C4H7O7P
377,EX_enter_e,C30H26N3O15
378,EX_etoh_e,C2H6O
379,EX_f1p_e,C6H11O9P
380,EX_f6p_e,C6H11O9P
381,EX_fad_e,C27H33N9O15P2
382,EX_fadh2_e,C27H35N9O15P2
383,EX_fald_e,CH2O
384,EX_fc1p_e,C6H11O8P
385,EX_fdp_e,C6H10O12P2
386,EX_fe3dcit_e,C12FeH10O14
387,EX_fe3pyovd_kt_e,C27FeH48N10O15
388,EX_feenter_e,C30FeH26N3O15
389,EX_fgam_e,C8H13N2O9P
390,EX_ficytC_e,C42H52FeN8O6S2
391,EX_ficytc_e,C33FeH31N4O4
392,EX_fmnRD_e,C17H23N4O9P
393,EX_fmn_e,C17H21N4O9P
394,EX_fmnh2_e,C17H23N4O9P
395,EX_focytC_e,C42H52FeN8O6S2
396,EX_focytc_e,C33H32FeN4O4
397,EX_for_e,CHO2
398,EX_forglu_e,C6H9N2O4
399,EX_fpram_e,C8H14N3O8P
400,EX_fprica_e,C10H13N4O9P
401,EX_frdp_e,C15H25O7P2
402,EX_frmd_e,CH3NO
403,EX_fru_e,C6H12O6
404,EX_fuc_e,C6H12O5
405,EX_fum_e,C4H2O4
406,EX_fusa_e,C31H47O6
407,EX_g1p_e,C6H11O9P
408,EX_g3p_e,C3H5O6P
409,EX_g6p_A_e,C6H11O9P
410,EX_g6p_B_e,C6H11O9P
411,EX_g6p_e,C6H11O9P
412,EX_gal1p_e,C6H11O9P
413,EX_gal_e,C6H12O6
414,EX_galct__D_e,C6H8O8
415,EX_galur_e,C6H9O7
416,EX_gam1p_e,C6H13NO8P
417,EX_gam6p_e,C6H13NO8P
418,EX_gam_e,C6H14NO5
419,EX_gar_e,C7H14N2O8P
420,EX_gcald_e,C2H4O2
421,EX_gcvHalip_e,C17H29NO9P2S4
422,EX_gcvHdhlip_e,C16H25O9P2S4
423,EX_gcvhlipl_e,C16H23O9P2S4
424,EX_gdbtal_e,C5H12N3O
425,EX_gdp_e,C10H12N5O11P2
426,EX_gdpmann_e,C16H23N5O16P2
427,EX_gdptp_e,C10H11N5O20P5
428,EX_gg13dampp_e,C8H18N3O3
429,EX_gg15dap_e,C10H22N3O3
430,EX_gg4abut_e,C9H15N2O5
431,EX_ggala_B_e,C8H13N2O5
432,EX_ggaptn_e,C10H17N2O5
433,EX_ggbamppal_e,C8H14N2O4
434,EX_ggbdapal_e,C10H18N2O4
435,EX_ggbutal_e,C9H16N2O4
436,EX_ggdp_e,C20H33O7P2
437,EX_ggspmd_e,C12H28N4O3
438,EX_glc__D_e,C6H12O6
439,EX_glc__bD_e,C6H12O6
440,EX_glcn_e,C6H11O7
441,EX_glcur_e,C6H9O7
442,EX_gln__L_e,C5H10N2O3
443,EX_glu1sa_e,C5H9NO3
444,EX_glu5sa_e,C5H9NO3
445,EX_glu__D_e,C5H8NO4
446,EX_glu__L_e,C5H8NO4
447,EX_glutar_e,C5H6O4
448,EX_glutcoa_e,C26H37N7O19P3S
449,EX_glutrna_e,C33H41N12O24P3
450,EX_glx_e,C2HO3
451,EX_gly_e,C2H5NO2
452,EX_glyald_e,C3H6O3
453,EX_glyb_e,C5H11NO2
454,EX_glybcoa_e,C26H42N8O17P3S
455,EX_glyc3p_e,C3H7O6P
456,EX_glyc__R_e,C3H5O4
457,EX_glyc_e,C3H8O3
458,EX_glyclt_e,C2H3O3
459,EX_gmp_e,C10H12N5O8P
460,EX_grdp_e,C10H17O7P2
461,EX_gsn_e,C10H13N5O5
462,EX_gthox_e,C20H30N6O12S2
463,EX_gthrd_e,C10H16N3O6S
464,EX_gtp_e,C10H12N5O14P3
465,EX_gua_e,C5H5N5O
466,EX_h2mb4p_e,C5H9O8P2
467,EX_hacp_e,C384H603N96O142PS3
468,EX_hco3_e,CHO3
469,EX_hcys__L_e,C4H9NO2S
470,EX_hdca_e,C16H31O2
471,EX_hdcea_e,C16H29O2
472,EX_hdceap_e,C16H30O5P
473,EX_hdcoa_e,C37H60N7O17P3S
474,EX_hdd2coa_e,C37H60N7O17P3S
475,EX_hdeACP_e,C400H631N96O143P0S3
476,EX_hemeO_e,C49FeH56N4O5
477,EX_hexs_e,C6H13O3S
478,EX_hgentis_e,C8H7O4
479,EX_his__L_e,C6H9N3O2
480,EX_hisp_e,C6H11N3O4P
481,EX_hmbil_e,C40H38N4O17
482,EX_hmbpp_e,C5H8O8P2
483,EX_hmgcoa_e,C27H39N7O20P3S
484,EX_hom__L_e,C4H9NO3
485,EX_hpglu_e,C29H33N9O12
486,EX_hpyr_e,C3H3O4
487,EX_hx2coa_e,C27H40N7O17P3S
488,EX_hxa_e,C6H11O2
489,EX_hxal_e,C6H12O
490,EX_hxan_e,C5H4N4O
491,EX_hxcoa_e,C27H42N7O17P3S
492,EX_iasp_e,C4H3NO4
493,EX_ibcoa_e,C25H38N7O17P3S
494,EX_ichor_e,C10H8O6
495,EX_icit_e,C6H5O7
496,EX_id3acald_e,C10H9NO
497,EX_idp_e,C10H11N4O11P2
498,EX_ile__L_e,C6H13NO2
499,EX_imacp_e,C6H7N2O5P
500,EX_imp_e,C10H11N4O8P
501,EX_ind3ac_e,C10H8NO2
502,EX_ind_e,C8H7N
503,EX_indole_e,C8H7N
504,EX_indpyr_e,C11H8NO3
505,EX_inost_e,C6H12O6
506,EX_ins_e,C10H12N4O5
507,EX_ipdp_e,C5H9O7P2
508,EX_itp_e,C10H11N4O14P3
509,EX_ivcoa_e,C26H40N7O17P3S
510,EX_lac__D_e,C3H5O3
511,EX_lac__L_e,C3H5O3
512,EX_lald__L_e,C3H6O2
513,EX_lcts_e,C12H22O11
514,EX_leu__L_e,C6H13NO2
515,EX_lgt__S_e,C13H20N3O8S
516,EX_lgt_s_e,C13H20N3O8S
517,EX_lnlc_e,C18H31O2
518,EX_lpam_e,C8H15NOS2
519,EX_lpro_e,C8H14NOS2
520,EX_lys__D_e,C6H15N2O2
521,EX_lys__L_e,C6H15N2O2
522,EX_m2bcoa_e,C26H44N7O17P3S
523,EX_malACP_e,C387H604N96O145P0S3
524,EX_mal__L_e,C4H4O5
525,EX_malcoa_e,C24H33N7O19P3S
526,EX_malt6p_e,C12H21O14P
527,EX_malt_e,C12H22O11
528,EX_malthx_e,C36H62O31
529,EX_maltpt_e,C30H52O26
530,EX_malttr_e,C18H32O16
531,EX_maltttr_e,C24H42O21
532,EX_man1p_e,C6H11O9P
533,EX_man6p_e,C6H11O9P
534,EX_man_e,C6H12O6
535,EX_meoh_e,CH4O
536,EX_mercppyr_e,C3H3O3S
537,EX_met__D_e,C5H11NO2S
538,EX_met__L_e,C5H11NO2S
539,EX_methf_e,C20H20N7O6
540,EX_metsox_R__L_e,C5H11NO3S
541,EX_metsox_S__L_e,C5H11NO3S
542,EX_mhpglu_e,C30H35N9O12
543,EX_mi1p__D_e,C6H11O9P
544,EX_mi3p__D_e,C6H11O9P
545,EX_micit_e,C7H7O7
546,EX_mlthf_e,C20H21N7O6
547,EX_mmal_e,C4H4O4
548,EX_mmalsa__S_e,C4H5O3
549,EX_mmcoa__R_e,C25H35N7O19P3S
550,EX_mmcoa__S_e,C25H35N7O19P3S
551,EX_mmtsa_e,C4H5O3
552,EX_mnl1p_e,C6H13O9P
553,EX_mnl_e,C6H14O6
554,EX_mql8_e,C51H74O2
555,EX_mqn8_e,C51H72O2
556,EX_msa_e,C3H3O3
557,EX_mso3_e,CH3O3S
558,EX_mthgxl_e,C3H4O2
559,EX_mththf_e,C5H10O5
560,EX_murein3p3p_e,C68H104N12O38
561,EX_murein3px3p_e,C68H102N12O37
562,EX_murein3px4p_e,C71H107N13O38
563,EX_murein4p3p_e,C71H109N13O39
564,EX_murein4p4p_e,C74H114N14O40
565,EX_murein4px4p4p_e,C111H169N21O59
566,EX_murein4px4p_e,C74H112N14O39
567,EX_murein4px4px4p_e,C111H167N21O58
568,EX_murein5p3p_e,C74H114N14O40
569,EX_murein5p4p_e,C77H119N15O41
570,EX_murein5p5p5p_e,C120H186N24O63
571,EX_murein5p5p_e,C80H124N16O42
572,EX_murein5px3p_e,C74H112N14O39
573,EX_murein5px4p_e,C77H117N15O40
574,EX_murein5px4px4p_e,C114H172N22O59
575,EX_nac_e,C6H4NO2
576,EX_nad_e,C21H26N7O14P2
577,EX_nadh_e,C21H27N7O14P2
578,EX_nadhx__R_e,C21H29N7O15P2
579,EX_nadhx__S_e,C21H29N7O15P2
580,EX_nadp_e,C21H25N7O17P3
581,EX_nadph_e,C21H26N7O17P3
582,EX_nadphx__R_e,C21H28N7O18P3
583,EX_nadphx__S_e,C21H28N7O18P3
584,EX_ncam_e,C6H6N2O
585,EX_nicrns_e,C11H13NO6
586,EX_nicrnt_e,C11H12NO9P
587,EX_nmn_e,C11H14N2O8P
588,EX_novbcn_e,C31H35N2O11
589,EX_oaa_e,C4H2O5
590,EX_oc2coa_e,C29H44N7O17P3S
591,EX_ocACP_e,C392H617N96O143P0S3
592,EX_occoa_e,C29H46N7O17P3S
593,EX_ocdca_e,C18H35O2
594,EX_ocdcea_e,C18H33O2
595,EX_octa_e,C8H15O2
596,EX_octdp_e,C40H65O7P2
597,EX_od2coa_e,C39H64N7O17P3S
598,EX_odecoa_e,C39H64N7O17P3S
599,EX_ohpb_e,C4H4O8P
600,EX_orn__D_e,C5H13N2O2
601,EX_orn__L_e,C5H13N2O2
602,EX_orn_e,C5H13N2O2
603,EX_orot5p_e,C10H10N2O11P
604,EX_orot_e,C5H3N2O4
605,EX_oxa_e,C2O4
606,EX_oxadpcoa_e,C27H37N7O20P3S
607,EX_oxptn_e,C5H7O3
608,EX_p1p3b5adtp_e,C20H27N10O16P3
609,EX_pa120_e,C27H51O8P
610,EX_pa140_e,C31H59O8P
611,EX_pa141_e,C31H55O8P
612,EX_pa160_e,C35H67O8P
613,EX_pa161_e,C35H63O8P
614,EX_pa180_e,C39H75O8P
615,EX_pa181_e,C39H71O8P
616,EX_pac_e,C8H7O2
617,EX_pacald_e,C8H8O
618,EX_pan4p_e,C11H21N2O7PS
619,EX_pant__R_e,C6H11O4
620,EX_pap_e,C10H11N5O10P2
621,EX_paps_e,C10H11N5O13P2S
622,EX_pdx5p_e,C8H10NO6P
623,EX_pe120_e,C29H58NO8P
624,EX_pe141_e,C33H62NO8P
625,EX_pe160_e,C37H74NO8P
626,EX_pe161_e,C37H70NO8P
627,EX_pe180_e,C41H82NO8P
628,EX_pe181_e,C41H78NO8P
629,EX_pea_e,C8H9O
630,EX_pentso3_e,C5H11O3S
631,EX_pep_e,C3H2O6P
632,EX_pg120_e,C30H58O10P
633,EX_pg140_e,C34H66O10P
634,EX_pg141_e,C34H62O10P
635,EX_pg160_e,C38H74O10P
636,EX_pg161_e,C38H70O10P
637,EX_pg180_e,C42H82O10P
638,EX_pg181_e,C42H78O10P
639,EX_pgp120_e,C30H57O13P2
640,EX_pgp140_e,C34H65O13P2
641,EX_pgp141_e,C34H61O13P2
642,EX_pgp160_e,C38H73O13P2
643,EX_pgp161_e,C38H69O13P2
644,EX_pgp180_e,C42H81O13P2
645,EX_pgp181_e,C42H77O13P2
646,EX_phaccoa_e,C29H38N7O17P3S
647,EX_phe__D_e,C9H9NO2
648,EX_phe__L_e,C9H11NO2
649,EX_pheme_e,C34H30FeN4O4
650,EX_phom_e,C4H8NO6P
651,EX_phpyr_e,C9H7O3
652,EX_phthr_e,C4H8NO7P
653,EX_pmtcoa_e,C37H62N7O17P3S
654,EX_pnto__R_e,C9H16NO5
655,EX_ppa_e,C3H5O2
656,EX_ppal_e,C3H6O
657,EX_ppap_e,C3H5O5P
658,EX_ppbng_e,C10H13N2O4
659,EX_ppcoa_e,C24H36N7O17P3S
660,EX_ppgpp_e,C10H11N5O17P4
661,EX_pphn_e,C10H8O6
662,EX_ppp9_e,C34H32N4O4
663,EX_pppg9_e,C34H38N4O4
664,EX_pppgpp_e,C10H18N5O20P5
665,EX_pqq_e,C14H2N2O8
666,EX_pqqh2_e,C14H4N2O8
667,EX_pram_e,C5H11NO7P
668,EX_pran_e,C12H13NO9P
669,EX_pro__D_e,C5H8NO2
670,EX_pro__L_e,C5H9NO2
671,EX_prpp_e,C5H8O14P3
672,EX_psd5p_e,C9H11N2O9P
673,EX_pser_e,C3H6NO6P
674,EX_pt2coa_e,C26H38N7O17P3S
675,EX_pta_e,C5H9O2
676,EX_ptal_e,C5H10O
677,EX_ptcoa_e,C26H40N7O17P3S
678,EX_ptrc_e,C4H14N2
679,EX_pyam5p_e,C8H12N2O5P
680,EX_pydam_e,C8H13N2O2
681,EX_pydx5p_e,C8H8NO6P
682,EX_pydx_e,C8H9NO3
683,EX_pydxn_e,C8H11NO3
684,EX_pyovd_kt_e,C27H48N10O15
685,EX_pyr_e,C3H3O3
686,EX_q8_e,C49H74O4
687,EX_q8h2_e,C49H76O4
688,EX_quln_e,C7H3NO4
689,EX_r1p_e,C5H9O8P
690,EX_r5p_e,C5H9O8P
691,EX_rib__D_e,C5H10O5
692,EX_ribflv_e,C17H22N4O6
693,EX_rnam_e,C11H15N2O5
694,EX_ru5p__D_e,C5H9O8P
695,EX_s17bp_e,C7H12O13P2
696,EX_s7p_e,C7H13O10P
697,EX_salchs4_e,C42H46N3O25
698,EX_salchs4fe_e,C42FeH46N3O25
699,EX_sarcs_e,C3H7NO2
700,EX_sbt6p_e,C6H13O9P
701,EX_sbt__D_e,C6H14O6
702,EX_sbzcoa_e,C32H39N7O20P3S
703,EX_scys__L_e,C3H6NO5S2
704,EX_sdhlam_e,C12H20NO4S2
705,EX_ser__D_e,C3H7NO3
706,EX_ser__L_e,C3H7NO3
707,EX_skm5p_e,C7H8O8P
708,EX_skm_e,C7H9O5
709,EX_spmd_e,C7H22N3
710,EX_stcoa_e,C39H66N7O17P3S
711,EX_suc6p_e,C12H21O14P
712,EX_sucbz_e,C11H8O5
713,EX_succ_e,C4H4O4
714,EX_succoa_e,C25H35N7O19P3S
715,EX_suchms_e,C8H12NO6
716,EX_sucr_e,C12H22O11
717,EX_sucsal_e,C4H5O3
718,EX_tag160_e,C51H98O6
719,EX_tag180_e,C57H110O6
720,EX_tag181d9_e,C57H104O6
721,EX_tag182d9d12_e,C57H98O6
722,EX_tartr__D_e,C4H4O6
723,EX_tartr__L_e,C4H4O6
724,EX_taur_e,C2H7NO3S
725,EX_td2coa_e,C35H56N7O17P3S
726,EX_tdcoa_e,C35H58N7O17P3S
727,EX_tdeACP_e,C398H627N96O143P0S3
728,EX_tdecoa_e,C35H56N7O17P3S
729,EX_thdp_e,C7H7NO4
730,EX_thf_e,C19H21N7O6
731,EX_thm_e,C12H17N4OS
732,EX_thmmp_e,C12H16N4O4PS
733,EX_thmpp_e,C12H16N4O7P2S
734,EX_thr__L_e,C4H9NO3
735,EX_thrp_e,C4H8NO6P
736,EX_thym_e,C5H6N2O2
737,EX_thymd_e,C10H14N2O5
738,EX_tol_e,C7H8
739,EX_trans_dd2coa_e,C33H52N7O17P3S
740,EX_trdox_e,C10H12N4O4S2
741,EX_trdrd_e,C10H14N4O4S2
742,EX_tre6p_e,C12H21O14P
743,EX_tre_e,C12H22O11
744,EX_trnaglu_e,C28H34N11O21P3
745,EX_trp__L_e,C11H12N2O2
746,EX_trypta_e,C10H13N2
747,EX_ttdca_e,C14H27O2
748,EX_ttdcea_e,C14H25O2
749,EX_ttdceap_e,C14H26O5P
750,EX_ttrcyc_e,C22H24N2O8
751,EX_tyr__L_e,C9H11NO3
752,EX_uaagmda_e,C95H153N8O28P2
753,EX_uaccg_e,C20H26N3O19P2
754,EX_uacgam_e,C17H25N3O17P2
755,EX_uagmda_e,C87H140N7O23P2
756,EX_uama_e,C23H33N4O20P2
757,EX_uamag_e,C28H39N5O23P2
758,EX_uamr_e,C20H28N3O19P2
759,EX_udcpdp_e,C55H90O7P2
760,EX_udcpp_e,C55H90O4P
761,EX_udp_e,C9H11N2O12P2
762,EX_udpg_e,C15H22N2O17P2
763,EX_udpgal_e,C15H22N2O17P2
764,EX_ugmd_e,C35H51N7O26P2
765,EX_ugmda_e,C41H61N9O28P2
766,EX_ump_e,C9H11N2O9P
767,EX_uppg3_e,C40H36N4O16
768,EX_ura_e,C4H4N2O2
769,EX_urcan_e,C6H5N2O2
770,EX_urdglyc_e,C3H5N2O4
771,EX_urea_e,CH4N2O
772,EX_uri_e,C9H12N2O6
773,EX_utp_e,C9H11N2O15P3
774,EX_val__L_e,C5H11NO2
775,EX_xan_e,C5H4N4O2
776,EX_xmp_e,C10H11N4O9P
777,EX_xtsn_e,C10H12N4O6
778,EX_xu5p__D_e,C5H9O8P
779,EX_1agpe120_e,C17H36NO7P
780,EX_1agpe161_e,C21H42NO7P
781,EX_1btol_e,C4H10O
782,EX_1pipdn2c_e,C6H9NO2
783,EX_1pyr5c_e,C5H6NO2
784,EX_2a3o4pob_e,C4H6NO7P
785,EX_2agpe140_e,C19H40NO7P
786,EX_2agpg120_e,C18H36O9P
787,EX_2agpg140_e,C20H40O9P
788,EX_2agpg141_e,C20H38O9P
789,EX_2agpg160_e,C22H44O9P
790,EX_2agpg161_e,C22H42O9P
791,EX_2agpg180_e,C24H48O9P
792,EX_2agpg181_e,C24H46O9P
793,EX_2ahethmpp_e,C14H20N4O8P2S
794,EX_2mahmp_e,C6H8N3O7P2
795,EX_3a2oprop_e,C3H7NO5P
796,EX_3dhgulnp_e,C6H8O10P
797,EX_3h6athcoa_e,C23H34N7O16P3S
798,EX_3hdd5coa_e,C35H56N7O18P3S
799,EX_3hdd6coa_e,C33H50N7O18P3S
800,EX_3hddccoa_e,C33H53N7O18P3S
801,EX_3hdec4coa_e,C31H48N7O18P3S
802,EX_3hhd58coa_e,C35H52N7O18P3S
803,EX_3hhd710coa_e,C37H56N7O18P3S
804,EX_3hhdccoa_e,C37H60N7O18P3S
805,EX_3hhdd4coa_e,C37H60N7O18P3S
806,EX_3hhdd7coa_e,C37H60N7O18P3S
807,EX_3hhpcoa_e,C28H44N7O18P3S
808,EX_3hlnlccoa_e,C39H60N7O18P3S
809,EX_3hnonacoa_e,C30H46N7O18P3S
810,EX_3hodecoa_e,C39H64N7O18P3S
811,EX_3hpbcoa_e,C31H42N7O18P3S
812,EX_3hpdecacoa_e,C37H48N7O18P3S
813,EX_3hphpcoa_e,C34H44N7O18P3S
814,EX_3hphxacoa_e,C33H44N7O18P3S
815,EX_3hpnonacoa_e,C36H46N7O18P3S
816,EX_3hpoctacoa_e,C35H46N7O18P3S
817,EX_3hpptcoa_e,C32H42N7O18P3S
818,EX_3hptslacoa_e,C39H63N7O18P3S
819,EX_3htdccoa_e,C35H56N7O18P3S
820,EX_3hvacccoa_e,C39H64N7O18P3S
821,EX_3odec4coa_e,C31H46N7O18P3S
822,EX_3ohd710coa_e,C37H54N7O18P3S
823,EX_3ohdccoa_e,C37H58N7O18P3S
824,EX_3ohdd4coa_e,C37H58N7O18P3S
825,EX_3ohdd7coa_e,C37H58N7O18P3S
826,EX_3olnlccoa_e,C39H58N7O18P3S
827,EX_3oodecoa_e,C39H62N7O18P3S
828,EX_3ophpcoa_e,C34H42N7O18P3S
829,EX_3optslacoa_e,C39H61N7O18P3S
830,EX_3ovacccoa_e,C39H62N7O18P3S
831,EX_3oxptcoa_e,C26H38N7O18P3S
832,EX_3padsel_e,C10H11N5O13P2Se
833,EX_4ahmmp_e,C6H9N3O
834,EX_4ampm_e,C6H8N3O4P
835,EX_4crsol_e,C7H8O
836,EX_4hthr_e,C4H9NO4
837,EX_4mpetz_e,C6H8NO4PS
838,EX_6ath2coa_e,C23H32N7O15P3S
839,EX_Lpipecol_e,C6H11NO2
840,EX_Ncbmpts_e,C5H14N3O
841,EX_R3hdec4coa_e,C31H48N7O18P3S
842,EX_R_3hdd6e_e,C12H19O3
843,EX_R_3hphpcoa_e,C34H44N7O18P3S
844,EX_abg4_e,C12H11N2O5
845,EX_acg5p_e,C7H9NO8P
846,EX_adsel_e,C10H12N5O10PSe
847,EX_ala_his_e,C9H14N4O3
848,EX_alac__S_e,C5H7O4
849,EX_allphn_e,C2H3N2O3
850,EX_ap4a_e,C20H24N10O19P4
851,EX_argsuc_e,C10H17N4O6
852,EX_ascb6p_e,C6H7O9P
853,EX_ascb__L_e,C6H8O6
854,EX_bglycogen_e,C24H42O21
855,EX_bglyg4n_e,C24H40O20
856,EX_chol_e,C5H14NO
857,EX_cmcbtt_e,C33H48N5O13
858,EX_cresol_e,C7H6O
859,EX_d2rib1p_e,C5H11O7P
860,EX_dd6_2_coa_e,C33H48N7O17P3S
861,EX_dd_3_6_coa_e,C33H48N7O17P3S
862,EX_dde2coa_e,C33H51N7O17P3S
863,EX_ddecoa_e,C33H52N7O17P3S
864,EX_dded3coa_e,C33H52N7O17P3S
865,EX_dec4_2_coa_e,C31H46N7O17P3S
866,EX_decdp_e,C50H81O7P2
867,EX_decoa_e,C31H49N7O17P3S
868,EX_dhgly_e,C2H2NO2
869,EX_dhmpt_e,C9H13N5O4
870,EX_dhptd_e,C5H8O4
871,EX_didp_e,C10H11N4O10P2
872,EX_etha_e,C2H8NO
873,EX_g3pe_e,C5H14NO6P
874,EX_galt1p_e,C6H13O9P
875,EX_galt_e,C6H14O6
876,EX_ggptrc_e,C9H20N3O3
877,EX_glc__aD_e,C6H12O6
878,EX_glcr_e,C6H8O8
879,EX_gly_leu_e,C8H16N2O3
880,EX_glycogen_e,C24H42O21
881,EX_glyg4n_e,C24H40O20
882,EX_glyphe_e,C11H14N2O3
883,EX_hd2coa_e,C37H58N7O17P3S
884,EX_hd710_2_coa_e,C37H54N7O17P3S
885,EX_hd_7_10_coa_e,C37H56N7O17P3S
886,EX_hdd4_2_coa_e,C37H58N7O17P3S
887,EX_hdd4coa_e,C37H59N7O17P3S
888,EX_hdd7_2_coa_e,C37H58N7O17P3S
889,EX_hdd7coa_e,C37H60N7O17P3S
890,EX_hethmpp_e,C14H20N4O8P2S
891,EX_hp2coa_e,C28H42N7O17P3S
892,EX_lald__D_e,C3H6O2
893,EX_lnlc2coa_e,C39H58N7O17P3S
894,EX_lnlccoa_e,C39H62N7O17P3S
895,EX_mal__D_e,C4H4O5
896,EX_malthp_e,C42H72O36
897,EX_maltpttre_e,C42H72O36
898,EX_malttre_e,C24H42O21
899,EX_malttrtre_e,C30H52O26
900,EX_maltttrtre_e,C36H62O31
901,EX_mdhdhf_e,C5H8O4
902,EX_metox__R_e,C5H11NO3S
903,EX_nona2coa_e,C30H44N7O17P3S
904,EX_ode2coa_e,C39H62N7O17P3S
905,EX_osuc_e,C6H3O7
906,EX_pb2coa_e,C31H40N7O17P3S
907,EX_pdca2coa_e,C37H46N7O17P3S
908,EX_pe140_e,C33H66NO8P
909,EX_peamn_e,C8H12N
910,EX_php2coa_e,C34H42N7O17P3S
911,EX_phxa2coa_e,C33H42N7O17P3S
912,EX_pnona2coa_e,C36H44N7O17P3S
913,EX_pocta2coa_e,C35H44N7O17P3S
914,EX_ppt2coa_e,C32H40N7O17P3S
915,EX_ps120_e,C30H57NO10P
916,EX_ps141_e,C34H61NO10P
917,EX_ps161_e,C38H69NO10P
918,EX_pser__L_e,C3H6NO6P
919,EX_ptsla2coa_e,C39H61N7O17P3S
920,EX_ptsla_e,C18H30O2
921,EX_ptslacoa_e,C39H61N7O17P3S
922,EX_rbflvrd_e,C17H24N4O6
923,EX_rhcys_e,C9H17NO6S
924,EX_ru5p__L_e,C5H9O8P
925,EX_salc_e,C7H5O3
926,EX_seahcys_e,C14H20N6O5Se
927,EX_selhcys_e,C4H9NO2Se
928,EX_sl26da_e,C11H16N2O7
929,EX_sl2a6o_e,C11H12NO8
930,EX_tag6p__D_e,C6H11O9P
931,EX_tagdp__D_e,C6H10O12P2
932,EX_td58_2_coa_e,C35H50N7O17P3S
933,EX_td_5_8_coa_e,C35H52N7O17P3S
934,EX_tde2coa_e,C35H54N7O17P3S
935,EX_tde_2Z_coa_e,C35H56N7O17P3S
936,EX_tded5_2_coa_e,C35H54N7O17P3S
937,EX_tded5coa_e,C35H56N7O17P3S
938,EX_thmnp_e,C9H15N5O4
939,EX_thp2c_e,C6H8NO2
940,EX_um4p_e,C38H56N8O27P2
941,EX_vacc2coa_e,C39H62N7O17P3S
942,EX_vacc_e,C18H33O2
943,EX_vacccoa_e,C39H64N7O17P3S
944,EX_xtp_e,C10H11N4O15P3
945,EX_xu5p__L_e,C5H9O8P
946,EX_23cump_e,C9H10N2O8P
947,EX_23dhacoa_e,C27H37N7O19P3S
948,EX_23dhbzs2_e,C20H19N2O11
949,EX_23dhbzs3_e,C30H28N3O16
950,EX_23dhbzs_e,C10H10NO6
951,EX_2h3opp_e,C3H3O4
952,EX_2mop_e,C4H5O3
953,EX_2ohph_e,C46H70O2
954,EX_2oph_e,C46H70O
955,EX_2oxpaccoa_e,C29H38N7O18P3S
956,EX_2tdec7eg3p_e,C17H32O7P
957,EX_35cgmp_e,C10H11N5O7P
958,EX_3aib__D_e,C4H9NO2
959,EX_3h4atbcoa_e,C21H32N7O16P3S
960,EX_3hpcoa_e,C24H36N7O18P3S
961,EX_3opcoa_e,C24H33N7O18P3S
962,EX_3ophb_e,C47H69O3
963,EX_3oxdhscoa_e,C29H39N7O20P3S
964,EX_3uib_e,C5H9N2O3
965,EX_4aabutn_e,C6H10NO3
966,EX_4atb2coa_e,C21H30N7O15P3S
967,EX_4atbcoa_e,C21H30N7O15P3S
968,EX_56dthm_e,C5H8N2O2
969,EX_5hiu_e,C5H3N4O4
970,EX_5houdic_e,C5H5N4O5
971,EX_6atha_e,C2H
972,EX_6athcoa_e,C23H32N7O15P3S
973,EX_R3hdec4e_e,C10H17O3
974,EX_R_3h4atbcoa_e,C21H32N7O16P3S
975,EX_R_3h6atha_e,C2H3O
976,EX_R_3hcmrs7e_e,C14H25O3
977,EX_R_3hdcaa_e,C10H19O3
978,EX_R_3hdd5ea_e,C12H22O3
979,EX_R_3hdda_e,C12H23O3
980,EX_R_3hhdca_e,C16H31O3
981,EX_R_3hhdcoa_e,C37H62N7O18P3S
982,EX_R_3hhpa_e,C7H13O3
983,EX_R_3hhxa_e,C6H11O3
984,EX_R_3hnonaa_e,C9H15O3
985,EX_R_3hocta_e,C8H15O3
986,EX_R_3hpba_e,C10H11O3
987,EX_R_3hpdeca_e,C16H17O3
988,EX_R_3hphpa_e,C13H13O3
989,EX_R_3hphxa_e,C12H13O3
990,EX_R_3hpnona_e,C15H15O3
991,EX_R_3hppta_e,C11H11O3
992,EX_R_3hpt_e,C5H9O3
993,EX_R_3hptcoa_e,C26H40N7O18P3S
994,EX_R_3htd58e_e,C14H21O3
995,EX_R_3htd5e_e,C14H25O3
996,EX_R_3httdca_e,C14H27O3
997,EX_a24op_e,C5H9NO3
998,EX_ad_e,C2H5NO
999,EX_ala_L_asp__L_e,C7H11N2O5
1000,EX_ala_L_glu__L_e,C8H13N2O5
1001,EX_ala_L_thr__L_e,C7H14N2O4
1002,EX_ala_gln_e,C8H15N3O4
1003,EX_ala_leu_e,C9H18N2O3
1004,EX_alagly_e,C5H10N2O3
1005,EX_alltn__R_e,C4H6N4O3
1006,EX_apc_e,C16H19N3O4S
1007,EX_aprut_e,C6H15N2O
1008,EX_asp__D_e,C4H6NO4
1009,EX_balaala_e,C6H12N2O3
1010,EX_balabala_e,C6H12N2O3
1011,EX_balagly_e,C5H10N2O3
1012,EX_balaleu_e,C9H18N2O3
1013,EX_balamd_e,C3H9N2O
1014,EX_betald_e,C5H12NO
1015,EX_btd_RR_e,C4H10O2
1016,EX_cala_e,C4H7N2O3
1017,EX_cell4_e,C24H42O21
1018,EX_dap24_e,C5H12N2O2
1019,EX_dca_e,C10H19O2
1020,EX_dec4coa_e,C31H46N7O17P3S
1021,EX_dkmpp_e,C6H9O6PS
1022,EX_fe3dhbzs3_e,C30FeH28N3O16
1023,EX_g3pc_e,C8H20NO6P
1024,EX_gcvHL_ADPr_e,C23H36N6O21P4S2
1025,EX_gcvHL_nhLA_e,C8H16NO8P2S2
1026,EX_gly_asn__L_e,C6H11N3O4
1027,EX_gly_asp__L_e,C6H9N2O5
1028,EX_gly_cys_e,C5H10N2O3S
1029,EX_gly_gln_e,C7H13N3O4
1030,EX_gly_glu__L_e,C7H11N2O5
1031,EX_gly_met_e,C7H14N2O3S
1032,EX_gly_phe_e,C11H14N2O3
1033,EX_gly_pro__L_e,C7H13N2O3
1034,EX_gly_tyr_e,C11H14N2O4
1035,EX_glyc2p_e,C3H7O6P
1036,EX_glycol_e,C2H5O2
1037,EX_glyglygln_e,C9H18N4O6
1038,EX_gtspmd_e,C17H36N6O5S
1039,EX_h2co3_e,CH2O3
1040,EX_hcit_e,C7H10O7
1041,EX_hicit_e,C7H10O7
1042,EX_hpta_e,C7H11O2
1043,EX_hptcoa_e,C28H42N7O17P3S
1044,EX_isetac_e,C2H5O4S
1045,EX_istfrnA_e,C17FeH24N2O14
1046,EX_istfrnB_e,C19FeH22N2O18
1047,EX_lysglugly_e,C13H26N4O7
1048,EX_m_xyl_e,C8H10
1049,EX_melib_e,C12H22O11
1050,EX_met_L_ala__L_e,C8H15N2O3S
1051,EX_metox_e,C5H11NO3S
1052,EX_mql7_e,C46H66O2
1053,EX_mqn7_e,C46H64O2
1054,EX_n4abutn_e,C6H11NO2
1055,EX_nona_e,C9H17O2
1056,EX_nonacoa_e,C30H48N7O17P3S
1057,EX_oxalcoa_e,C23H31N7O19P3S
1058,EX_p_xyl_e,C8H10
1059,EX_pbcoa_e,C31H40N7O17P3S
1060,EX_pdcacoa_e,C37H46N7O17P3S
1061,EX_phedca_e,C16H15O2
1062,EX_phehpa_e,C13H11O2
1063,EX_phehxa_e,C12H11O2
1064,EX_phenona_e,C15H13O2
1065,EX_pheocta_e,C14H13O2
1066,EX_phpcoa_e,C34H42N7O17P3S
1067,EX_phxacoa_e,C33H42N7O17P3S
1068,EX_pnonacoa_e,C36H44N7O17P3S
1069,EX_poctacoa_e,C35H44N7O17P3S
1070,EX_ppoh_e,C3H8O
1071,EX_pprdn_e,C5H9N
1072,EX_pptcoa_e,C32H40N7O17P3S
1073,EX_prpncoa_e,C24H34N7O17P3S
1074,EX_quin_e,C7H11O6
1075,EX_raffin_e,C18H32O16
1076,EX_rbl__D_e,C5H10O5
1077,EX_rephaccoa_e,C29H38N7O18P3S
1078,EX_rmn_e,C6H12O5
1079,EX_salchs1_e,C26H29N2O16
1080,EX_salchs2_e,C42H47N3O26
1081,EX_salchs2fe_e,C42FeH48N3O26
1082,EX_salchsx_e,C16H20NO11
1083,EX_selcys_e,C3H6NO2Se
1084,EX_serglugly_e,C10H18N3O8
1085,EX_stfrnA_e,C17H24N2O14
1086,EX_stfrnB_e,C19H22N2O18
1087,EX_urate_e,C5H4N4O3
1088,EX_xyl__D_e,C5H10O5
1089,EX_12ppd__S_e,C3H8O2
1090,EX_13ppd_e,C3H8O2
1091,EX_1agpg120_e,C18H36O9P
1092,EX_23dhba_e,C17H17N5O10P
1093,EX_23dhmb_e,C5H9O4
1094,EX_23dhmp_e,C6H11O4
1095,EX_24dab_e,C4H10N2O2
1096,EX_24dhhed_e,C7H8O6
1097,EX_25dop_e,C5H5O4
1098,EX_2ahbut_e,C6H9O4
1099,EX_2ameph_e,C2H8NO3P
1100,EX_2ddara_e,C5H7O5
1101,EX_2ddg6p_e,C6H8O9P
1102,EX_2ddglcn_e,C6H9O6
1103,EX_2dhguln_e,C6H9O7
1104,EX_2hetdp_e,C14H21N4O8P2S
1105,EX_2hh24dd_e,C7H6O5
1106,EX_2mbald_e,C5H10O
1107,EX_2mpdhl_e,C12H22NO2S2
1108,EX_2ohed_e,C7H6O5
1109,EX_2pglyc_e,C2H2O6P
1110,EX_2ptcoa_e,C26H38N7O17P3S
1111,EX_2sephchc_e,C14H13O9
1112,EX_33hmeoxobut_e,C5H7O4
1113,EX_34dhbz_e,C7H5O4
1114,EX_34dhpac_e,C8H8O3
1115,EX_34dhpha_e,C8H7O4
1116,EX_34dhphe_e,C9H11NO4
1117,EX_34dhsa_e,C19H23O4
1118,EX_3aib_e,C4H9NO2
1119,EX_3hmop_e,C6H9O4
1120,EX_3hppnl_e,C3H6O2
1121,EX_3hsa_e,C19H23O3
1122,EX_3oxoadp_e,C6H6O5
1123,EX_3ptcoa_e,C26H38N7O17P3S
1124,EX_49dsha_e,C19H23O6
1125,EX_4a2mpmpmd_e,C6H9N3O4P
1126,EX_4cml_e,C7H4O6
1127,EX_4h2kpi_e,C7H8O6
1128,EX_4hoxoh_e,C6H9O4
1129,EX_4hpro_DC_e,C5H9NO3
1130,EX_4hptcoa_e,C26H40N7O18P3S
1131,EX_4hptn_e,C5H9O3
1132,EX_4met2obut_e,C5H8O3S
1133,EX_4oxptcoa_e,C26H38N7O18P3S
1134,EX_4oxptn_e,C5H7O3
1135,EX_4poptcoa_e,C26H39N7O21P4S
1136,EX_5cmhm_e,C8H5O7
1137,EX_5cmhmsa_e,C8H6O6
1138,EX_5cohe_e,C8H5O7
1139,EX_5d4dglcr_e,C6H6O7
1140,EX_5dglcn_e,C6H9O7
1141,EX_5dpmev_e,C6H10O10P2
1142,EX_5hbzid_e,C7H6N2O
1143,EX_5mtr_e,C6H12O4S
1144,EX_5odhf2a_e,C6H5O4
1145,EX_5ohhipcoa_e,C34H53N7O19P3S
1146,EX_5oxpro_e,C5H6NO3
1147,EX_5pmev_e,C6H10O7P
1148,EX_6apa_e,C8H12N2O3S
1149,EX_6hnac_e,C6H4NO3
1150,EX_9ohadd_e,C19H23O3
1151,EX_CCbuttc_e,C7H3O6
1152,EX_LalaDglu_e,C8H13N2O5
1153,EX_LalaLglu_e,C8H13N2O5
1154,EX_Larab_e,C15H24O12
1155,EX_Lcyst_e,C3H6NO5S
1156,EX_Pald_e,C2H3O4P
1157,EX_R_3hpocta_e,C14H15O3
1158,EX_S2hglut_e,C5H6O5
1159,EX_aac24dab_e,C6H12N2O3
1160,EX_aad_e,C12H14N5O8P
1161,EX_abt_e,C5H12O5
1162,EX_alahis_e,C9H14N4O3
1163,EX_alaleu_e,C9H18N2O3
1164,EX_alathr_e,C7H14N2O4
1165,EX_alatrp_e,C14H17N3O3
1166,EX_altrn_e,C6H11O7
1167,EX_andrs14dn317dn_e,C19H23O2
1168,EX_andrstndn_e,C19H25O2
1169,EX_arab__L_e,C5H10O5
1170,EX_barb_e,C4H4N2O3
1171,EX_btoh_e,C4H10O
1172,EX_butso3_e,C4H9O3S
1173,EX_cchol_e,C27H40O3
1174,EX_chol4en3one_e,C27H44O
1175,EX_cholc3coa_e,C43H64N7O18P3S
1176,EX_cholc5coa_e,C45H68N7O18P3S
1177,EX_cholc8coa_e,C48H74N7O18P3S
1178,EX_cholenec3coa_e,C43H63N7O18P3S
1179,EX_cholenec5coa_e,C45H66N7O18P3S
1180,EX_cholenec8coa_e,C48H72N7O18P3S
1181,EX_chols_e,C5H13NO4S
1182,EX_chsterol_e,C27H46O
1183,EX_cpp3_e,C36H38N4O8
1184,EX_creat_e,C4H9N3O2
1185,EX_crtn_e,C4H7N3O
1186,EX_ctncoa_e,C25H40N7O17P3S
1187,EX_cyan_e,CHN
1188,EX_cys__D_e,C3H7NO2S
1189,EX_dhmtp_e,C6H10O3S
1190,EX_dhptdd_e,C5H7O7P
1191,EX_dhptdp_e,C5H7O7P
1192,EX_dhpyr_e,C5H5NO2
1193,EX_dmbzid_e,C9H10N2
1194,EX_dms_e,C2H6S
1195,EX_dmso_e,C2H6OS
1196,EX_dopa_e,C8H12NO2
1197,EX_dscl_e,C42H41N4O16
1198,EX_dxylnt_e,C5H9O6
1199,EX_ecto__L_e,C6H10N2O2
1200,EX_eig3p_e,C6H9N2O6P
1201,EX_ethso3_e,C2H5O3S
1202,EX_fcl__L_e,C6H12O5
1203,EX_fcmcbtt_e,C33FeH49N5O13
1204,EX_fecpp3_e,C36FeH36N4O8
1205,EX_ficytb_e,C33FeH32N4O4
1206,EX_fruur_e,C6H9O7
1207,EX_fuc__L_e,C6H12O5
1208,EX_g1p_B_e,C6H11O9P
1209,EX_g3pg_e,C6H14O8P
1210,EX_g3pi_e,C9H18O11P
1211,EX_g3ps_e,C6H13NO8P
1212,EX_gal_bD_e,C6H12O6
1213,EX_gluala_e,C8H13N2O5
1214,EX_glucan4_e,C24H42O21
1215,EX_glucan6_e,C36H62O31
1216,EX_glygln_e,C7H13N3O4
1217,EX_glyglu_e,C7H11N2O5
1218,EX_glygly_e,C4H8N2O3
1219,EX_glymet_e,C7H14N2O3S
1220,EX_glyser_e,C5H10N2O4
1221,EX_hchol_e,C27H42O2
1222,EX_hcholc3coa_e,C43H65N7O19P3S
1223,EX_hcholc5coa_e,C45H68N7O19P3S
1224,EX_hcholc8coa_e,C48H74N7O19P3S
1225,EX_hhd_e,C6H8O3
1226,EX_hia_e,C11H19O4
1227,EX_hip_e,C13H17O4
1228,EX_hipcoa_e,C34H51N7O19P3S
1229,EX_hipecoa_e,C34H51N7O19P3S
1230,EX_hipocoa_e,C34H51N7O20P3S
1231,EX_hipohcoa_e,C34H53N7O20P3S
1232,EX_hisgly_e,C8H12N4O3
1233,EX_hishis_e,C12H16N6O3
1234,EX_histd_e,C6H12N3O
1235,EX_hmpscoa_e,C32H41N7O20P3S
1236,EX_ibtol_e,C5H10O
1237,EX_ival_e,C3H5O2
1238,EX_leuleu_e,C12H24N2O3
1239,EX_lmn2_e,C12H22O11
1240,EX_lyx__L_e,C5H10O5
1241,EX_male_e,C4H2O4
1242,EX_malm_e,C4H4NO3
1243,EX_manb_e,C12H22O11
1244,EX_mantr_e,C18H32O16
1245,EX_manttr_e,C24H42O21
1246,EX_mev__R_e,C6H11O4
1247,EX_minohp_e,C6H6O24P6
1248,EX_mql6_e,C41H58O2
1249,EX_mqn6_e,C41H56O2
1250,EX_n6all26d_e,C9H15N2O5
1251,EX_nal2a6o_e,C9H11NO6
1252,EX_nfmalm_e,C5H4NO4
1253,EX_ochol_e,C27H40O2
1254,EX_ocholc5coa_e,C45H66N7O19P3S
1255,EX_ocholc8coa_e,C48H72N7O19P3S
1256,EX_pad_e,C8H9NO
1257,EX_peng_e,C16H17N2O4S
1258,EX_phept_e,C11H9O2
1259,EX_ppad_e,C13H16N5O8P
1260,EX_prbamp_e,C15H19N5O14P2
1261,EX_prbatp_e,C15H19N5O20P4
1262,EX_prfp_e,C15H21N5O15P2
1263,EX_prlp_e,C15H21N5O15P2
1264,EX_progly_e,C7H12N2O3
1265,EX_prohisglu_e,C16H24N5O7
1266,EX_rbl__L_e,C5H10O5
1267,EX_rml1p_e,C6H11O8P
1268,EX_rml_e,C6H12O5
1269,EX_scl_e,C42H39N4O16
1270,EX_seramp_e,C13H19N6O9P
1271,EX_sheme_e,C42H36FeN4O16
1272,EX_sulfac_e,C2H2O5S
1273,EX_tag1p__D_e,C6H13O9P
1274,EX_tag__D_e,C6H14O6
1275,EX_tagur_e,C6H9O7
1276,EX_tmam_e,C3H10N
1277,EX_tym_e,C8H12NO
1278,EX_udpacgal_e,C17H25N3O17P2
1279,EX_vaccoa_e,C25H36N7O17P3S
1280,EX_vanlt_e,C8H7O4
1281,EX_xyl3_e,C15H26O13
1282,EX_xyl4_e,C20H34O17
1283,EX_xylan4_e,C26H41O23
1284,EX_xylb_e,C10H18O9
1285,EX_xylu__D_e,C5H10O5
1286,EX_xylu__L_e,C5H10O5
1287,EX_3hoctACP_e,C392H617N96O144P0S3
1288,EX_4mhetz_e,C6H9NOS
1289,EX_6p2dhglcn_e,C6H11O10P
1290,EX_T4hcinnm_e,C9H7O3
1291,EX_coucoa_e,C30H38N7O18P3S
1292,EX_dextrin_e,C12H20O10
1293,EX_dtbt_e,C10H17N2O3
1294,EX_fer_e,C10H9O4
1295,EX_ferulcoa_e,C31H40N7O19P3S
1296,EX_glu5p_e,C5H8NO7P
1297,EX_h2isocap_e,C6H12O3
1298,EX_h2isocapcoa_e,C27H42N7O18P3S
1299,EX_hibcoa_e,C25H39N7O18P3S
1300,EX_idon__L_e,C6H11O7
1301,EX_isocap_e,C6H12O2
1302,EX_isocapcoa_e,C27H43N7O17P3S
1303,EX_isocaprecoa_e,C27H41N7O17P3S
1304,EX_malt1p_e,C12H21O14P
1305,EX_pala_e,C12H22O11
1306,EX_srb__L_e,C6H14O6
1307,EX_toct2eACP_e,C392H615N96O143P0S3
1308,EX_vanln_e,C8H8O3
1309,EX_2hdec9eg3p_e,C19H36O7P
1310,EX_2o3mpt_e,C6H9O3
1311,EX_Sfglutth_e,C11H16N3O7S
1312,EX_aacald_e,C2H6NO
1313,EX_aact_e,C3H8NO
1314,EX_acnam_e,C11H18NO9
1315,EX_bzalc_e,C7H8O
1316,EX_bzsucc_e,C11H10O4
1317,EX_bzsuccoa_e,C32H41N7O19P3S
1318,EX_catechol_e,C6H6O2
1319,EX_cinmcoa_e,C30H38N7O17P3S
1320,EX_cinnm_e,C9H7O2
1321,EX_crn__D_e,C7H15NO3
1322,EX_ctbt_e,C7H13NO2
1323,EX_fol_e,C19H17N7O6
1324,EX_forcoa_e,C22H32N7O17P3S
1325,EX_galman4_e,C24H42O21
1326,EX_galman6_e,C36H62O31
1327,EX_glcman4_e,C24H42O21
1328,EX_glcman6_e,C36H62O31
1329,EX_glucys_e,C8H13N2O5S
1330,EX_grxox_e,C6H7NO2S2
1331,EX_grxrd_e,C6H9NO2S2
1332,EX_hmgth_e,C11H18N3O7S
1333,EX_phitcoa_e,C32H39N7O19P3S
1334,EX_phppcoa_e,C30H38N7O17P3S
1335,EX_val__D_e,C5H9NO2
1336,EX_1agpg161_e,C22H42O9P
1337,EX_2hmcnsad_e,C6H6O4
1338,EX_4h2opntn_e,C5H7O4
1339,EX_5ohhip_e,C13H19O4
1340,EX_arab__D_e,C5H10O5
1341,EX_dxyl_e,C5H10O4
1342,EX_glc_D_B_e,C6H12O6
1343,EX_ibt_e,C4H7O2
1344,EX_lac6p_e,C12H21O14P
1345,EX_mana_e,C6H11O7
1346,EX_op4en_e,C5H5O3
1347,EX_pc1_e,C41H46N4O16
1348,EX_14glucan_e,C36H62O31
1349,EX_araban__L_e,C15H26O13
1350,EX_galctn__L_e,C6H11O7
1351,EX_glcn__D_e,C6H11O7
1352,EX_tgt_e,C6H12O6
1353,EX_xylan8_e,C52H80O45
1354,EX_2mbdhl_e,C13H25NO2S2
1355,EX_acysbmn_e,C15H18N3O5S
1356,EX_bmn_e,C10H12N2O2
1357,EX_bmnmsh_e,C27H40N4O14S
1358,EX_cigam_e,C15H28N2O11S
1359,EX_decdp_tb_e,C50H81O7P2
1360,EX_dmso2_e,C2H10O2S
1361,EX_hepdp_e,C35H57O7P2
1362,EX_hexdp_e,C30H49O7P2
1363,EX_igam_e,C12H24NO10
1364,EX_m4po_e,C7H8O
1365,EX_msh_e,C17H30N2O12S
1366,EX_pendp_e,C25H41O7P2
1367,EX_ptd1ino160_e,C41H78O13P
1368,EX_uaGgla_e,C86H142N7O21P2
1369,EX_uaaGgla_e,C94H155N8O26P2
1370,EX_1agpg141_e,C20H38O9P
1371,EX_8aonn_e,C9H17NO3
1372,EX_amob_e,C15H19N5O6S
1373,EX_dann_e,C9H21N2O2
1374,EX_feoxam_e,C25H45FeN6O8
1375,EX_feoxam_un_e,C25H45N6O8
1376,EX_fmcbtt_e,C47FeH77N5O10
1377,EX_mcbtt_e,C47H77N5O10
1378,EX_pime_e,C7H10O4
1379,EX_pmcoa_e,C28H41N7O19P3S
1380,EX_2dh3dgal6p_e,C6H8O9P
1381,EX_2dh3dgal_e,C6H9O6
1382,EX_a_gal__D_e,C6H12O6
1383,EX_dachi_e,C16H28N2O11
1384,EX_galctn__D_e,C6H11O7
1385,EX_butpi_e,C4H7O5P
1386,EX_3amac_e,C3H4NO2
1387,EX_3hasp__L_e,C4H6NO5
1388,EX_arabl__D_e,C5H12O5
1389,EX_buts_e,C4H9O3S
1390,EX_cbm_e,CH2NO2
1391,EX_ccmuac_e,C6H4O4
1392,EX_eths_e,C2H5O3S
1393,EX_fbac_kt_e,C27H48N10O15
1394,EX_gdpmanur_e,C16H20N5O17P2
1395,EX_istnt_e,C2H5O4S
1396,EX_mucl_e,C6H5O4
1397,EX_n5horn_e,C5H12N2O3
1398,EX_poaac_e,C3H5NO3
1399,EX_prealginate_G_e,C30H37O31
1400,EX_prealginate__M_e,C30H37O31
1401,EX_pvdiq_e,C27H48N10O15
1402,EX_sula_e,C2H2O5S
1403,EX_uracp_e,C4H6N2O4
1404,EX_3hoxpac_e,C8H7O3
1405,EX_manur_e,C6H9O7
1406,EX_1agpe141_e,C19H38NO7P
1407,EX_3hcinnm_e,C9H7O3
1408,EX_3hpppn_e,C9H9O3
1409,EX_4hglusa_e,C5H9NO4
1410,EX_dhcinnm_e,C9H7O4
1411,EX_dhpppn_e,C9H9O4
1412,EX_histda_e,C6H10N3O
1413,EX_hkndd_e,C9H8O6
1414,EX_hkntd_e,C9H6O6
1415,EX_nflgln_e,C6H9N2O4
1416,EX_5ca1rpi_e,C9H11N3O9P
1417,EX_bz12diol_e,C7H7O4
1418,EX_man6pglyc_e,C9H14O12P
1419,EX_algac_MG_14_e,C32H39O32
1420,EX_algac_MG_23_e,C34H41O33
1421,EX_algac_MG_32_e,C36H43O34
1422,EX_algac_MG_41_e,C38H45O35
1423,EX_algac__M_e,C40H47O36
1424,EX_cenchddd_e,C9H9O4
1425,EX_p3pyr_e,C3H5O6P
1426,EX_ppac_e,C2H5O5P
1427,EX_prealg_MG_14_e,C30H37O31
1428,EX_prealg_MG_23_e,C30H37O31
1429,EX_prealg_MG_32_e,C30H37O31
1430,EX_prealg_MG_41_e,C30H37O31
1431,EX_prealgac_M1_e,C32H39O32
1432,EX_prealgac_M2_e,C34H41O33
1433,EX_prealgac_M3_e,C36H43O34
1434,EX_prealgac_M4_e,C38H45O35
1435,EX_sucarg_e,C10H17N4O5
1436,EX_sucglu_e,C9H10NO7
1437,EX_sucgsa_e,C9H11NO6
1438,EX_sucorn_e,C9H15N2O5
1439,EX_tmanur_e,C30H39
1440,EX_6pthp_e,C9H11N5O3
1441,EX_acadl_e,C12H14N5O8P
1442,EX_ptcys_e,C12H21N2O6S
1443,EX_ptth_e,C11H22N2O4S
1444,EX_2mb_p_e,C5H9O5P
1445,EX_2mba_e,C5H9O2
1446,EX_34dhbald_e,C7H6O3
1447,EX_34dhcinm_e,C9H7O4
1448,EX_adcobhex_e,C55H76CoN15O11
1449,EX_adocbi_e,C58H84CoN16O11
1450,EX_appl_e,C3H10NO
1451,EX_caffcoa_e,C30H38N7O19P3S
1452,EX_cechddd_e,C9H11O4
1453,EX_crncoa_e,C28H46N8O18P3S
1454,EX_cspmd_e,C8H21N3O2
1455,EX_ctbtcoa_e,C28H44N8O17P3S
1456,EX_ga_e,C7H5O5
1457,EX_oca_e,C7H5O8
1458,EX_omaenol_e,C7H3O7
1459,EX_omaketo_e,C7H3O7
1460,EX_pppn_e,C9H9O2
